,cluster,pvals,pvals.adj
0,0,0.21956689162172166,0.21956689162172166
1,1,0.001212741618443789,0.0020212360307396487
2,2,0.017265074124419355,0.021581342655524194
3,3,4.67164171729251e-11,1.1679104293231275e-10
4,4,1.0858227417199276e-19,5.429113708599637e-19
