,cluster,pvals,pvals.adj,sig
0,0,0.5531824746935585,0.5531824746935585,False
1,1,0.10098506906840636,0.16830844844734394,False
2,2,0.00017653567572758038,0.0008826783786379019,True
3,3,0.06362144756016022,0.15905361890040054,False
4,4,0.3237297751515327,0.40466221893941584,False
