,cluster,pvals,pvals.adj,sig
0,0,0.8693977398451318,0.8693977398451318,False
1,1,0.7709592289130978,0.8693977398451318,False
2,2,0.300698296325813,0.8693977398451318,False
3,3,0.4545971770612851,0.8693977398451318,False
4,4,0.25307459511836083,0.8693977398451318,False
5,5,0.6484992201252924,0.8693977398451318,False
